{"fast_rcnn/cls_accuracy": 0.55078125, "fast_rcnn/false_negative": 0.0, "fast_rcnn/fg_cls_accuracy": 1.0, "iteration": 0, "roi_head/num_bg_samples": 96.0, "roi_head/num_fg_samples": 32.0, "rpn/num_neg_anchors": 128.0, "rpn/num_pos_anchors": 128.0}
{"fast_rcnn/cls_accuracy": 0.37890625, "fast_rcnn/false_negative": 0.3333333333333333, "fast_rcnn/fg_cls_accuracy": 0.6666666666666666, "iteration": 0, "roi_head/num_bg_samples": 96.0, "roi_head/num_fg_samples": 32.0, "rpn/num_neg_anchors": 187.0, "rpn/num_pos_anchors": 69.0}
{"fast_rcnn/cls_accuracy": 0.12109375, "fast_rcnn/false_negative": 0.0, "fast_rcnn/fg_cls_accuracy": 1.0, "iteration": 0, "roi_head/num_bg_samples": 111.0, "roi_head/num_fg_samples": 17.0, "rpn/num_neg_anchors": 227.0, "rpn/num_pos_anchors": 29.0}
{"fast_rcnn/cls_accuracy": 0.84375, "fast_rcnn/false_negative": 0.609375, "fast_rcnn/fg_cls_accuracy": 0.390625, "iteration": 0, "mask_rcnn/accuracy": 0.5852997448979591, "mask_rcnn/false_negative": 0.21273659305993692, "mask_rcnn/false_positive": 0.5517933618843683, "roi_head/num_bg_samples": 96.0, "roi_head/num_fg_samples": 32.0, "rpn/num_neg_anchors": 128.0, "rpn/num_pos_anchors": 128.0}
{"fast_rcnn/cls_accuracy": 0.837890625, "fast_rcnn/false_negative": 0.515625, "fast_rcnn/fg_cls_accuracy": 0.4375, "iteration": 1, "mask_rcnn/accuracy": 0.5717175542091837, "mask_rcnn/false_negative": 0.24286903061783643, "mask_rcnn/false_positive": 0.5527402469762808, "roi_head/num_bg_samples": 96.0, "roi_head/num_fg_samples": 32.0, "rpn/num_neg_anchors": 177.0, "rpn/num_pos_anchors": 79.0}
{"data_time": 2.9715356589877047, "iteration": 0, "loss_box_reg": 0.4853774607181549, "loss_cls": 0.46199169754981995, "loss_mask": 1.2003506422042847, "loss_rpn_cls": 0.0727122575044632, "loss_rpn_loc": 0.04478592798113823, "lr": 2.5e-07, "total_loss": 2.265217985957861}
